{"cameraMode":{"drawMode":0,"name":"Shaded","section":"Shading Mode"},"sceneLighting":false,"audioPlay":false,"sceneViewState":{"showFog":true,"showMaterialUpdate":false,"showSkybox":false,"showFlares":true,"showImageEffects":true,"showParticleSystems":true},"in2DMode":false,"pivot":{"x":1479.7012939453125,"y":719.75,"z":0.7423439621925354},"rotation":{"x":-0.14232370257377625,"y":0.0035607388708740474,"z":-0.0005120593123137951,"w":-0.9898131489753723},"size":1646.221435546875,"orthographic":false}