{"cameraMode":{"drawMode":0,"name":"Shaded","section":"Shading Mode"},"sceneLighting":true,"audioPlay":false,"sceneViewState":{"showFog":true,"showMaterialUpdate":false,"showSkybox":true,"showFlares":true,"showImageEffects":true,"showParticleSystems":true},"in2DMode":false,"pivot":{"x":1510.327392578125,"y":-3145.568359375,"z":-1859.787841796875},"rotation":{"x":0.14041772484779359,"y":0.8593059182167053,"z":-0.3595755398273468,"w":0.3355649411678314},"size":3746.4716796875,"orthographic":false}