{"cameraMode":{"drawMode":0,"name":"Shaded","section":"Shading Mode"},"sceneLighting":false,"audioPlay":false,"sceneViewState":{"showFog":true,"showMaterialUpdate":false,"showSkybox":false,"showFlares":true,"showImageEffects":true,"showParticleSystems":true},"in2DMode":false,"pivot":{"x":23.74336051940918,"y":-1.9158964157104493,"z":-14.402921676635743},"rotation":{"x":0.069191113114357,"y":0.8768602609634399,"z":-0.13280121982097627,"w":0.4568383991718292},"size":18.983930587768556,"orthographic":false}