{"cameraMode":{"drawMode":0,"name":"Shaded","section":"Shading Mode"},"sceneLighting":true,"audioPlay":false,"sceneViewState":{"showFog":true,"showMaterialUpdate":false,"showSkybox":true,"showFlares":true,"showImageEffects":true,"showParticleSystems":true},"in2DMode":false,"pivot":{"x":-551.25439453125,"y":-395.4271240234375,"z":-1571.2611083984375},"rotation":{"x":0.013175111263990403,"y":-0.9856466054916382,"z":0.14080710709095,"w":0.09222504496574402},"size":1499.46435546875,"orthographic":false}